2024-09-08_02-44-01,KL09AQ3439
2024-09-08_02-44-04,KL09AQ3439
2024-09-08_02-44-07,KL09AQ3439
2024-09-08_02-44-10,KL09AQ3439
2024-09-08_02-44-12,KL09AQ3439
2024-09-08_02-44-14,KL09AQ3439
2024-09-08_02-44-17,KL09AQ3439
2024-09-08_02-44-20,KL09AQ3439
2024-09-08_02-44-23,KL09AQ3439
2024-09-08_02-44-25,KL09AQ3439
2024-09-08_02-44-28,KL09AQ3439
2024-09-08_02-44-30,KL09AQ3439
2024-09-08_02-44-32,KL09AQ3439
2024-09-08_02-44-35,KL09AQ3439
2024-09-08_02-44-37,KL09AQ3439
2024-09-08_02-44-39,KL09AQ3439
2024-09-08_02-44-42,KL09AQ3439
2024-09-08_02-44-44,KL09AQ3439
2024-09-08_02-44-47,KL09AQ3439
2024-09-08_02-44-50,KL09AQ3439
2024-09-08_02-44-52,KL09AQ3439
2024-09-08_02-44-55,KL09AQ3439
2024-09-08_02-44-58,KL09AQ3439
2024-09-08_02-45-00,KL09AQ3439
2024-09-08_02-45-03,KL09AQ3439
2024-09-08_02-45-05,KL09AQ3439
2024-09-08_02-45-08,KL09AQ3439
2024-09-08_02-45-11,KL09AQ3439
2024-09-08_02-45-13,KL09AQ3439
2024-09-08_02-45-16,KL09AQ3439
2024-09-08_02-45-19,KL09AQ3439
2024-09-08_02-45-21,KL09AQ3439
2024-09-08_02-45-24,KL09AQ3439
2024-09-08_02-45-46,KL09AQ3439
2024-09-08_02-45-48,KL09AQ3439
2024-09-08_02-45-51,L09AQ3439
2024-09-08_02-45-51,L09AQ3439,https://drive.google.com/file/d/1vTr000QhlEFn-FUbCHz7lRNiYAUJ3Qc7/view?usp=sharing
2024-09-08_03-07-34,KL09AQ3439
2024-09-08_03-07-37,KL09AQ3439
2024-09-08_03-07-40,KL09AQ3439
2024-09-08_03-07-42,KL09AQ3439
2024-09-08_03-07-45,KL09AQ3439
2024-09-08_03-07-47,KL09AQ3439
2024-09-08_03-07-50,KL09AQ3439
2024-09-08_03-07-53,KL09AQ3439
2024-09-08_03-07-55,KL09AQ3439
2024-09-08_03-07-58,KL09AQ3439
2024-09-08_03-08-00,KL09AQ3439
2024-09-08_03-08-03,KL09AQ3439
2024-09-08_03-08-05,KL09AQ3439
2024-09-08_03-08-08,KL09AQ3439
2024-09-08_03-08-10,KL09AQ3439
2024-09-08_03-08-12,KL09AQ3439
2024-09-08_03-08-15,KL09AQ3439
2024-09-08_03-08-17,KL09AQ3439
2024-09-08_03-08-20,KL09AQ3439
2024-09-08_03-08-22,KL09AQ3439
2024-09-08_03-08-25,KL09AQ3439
2024-09-08_03-08-27,KL09AQ3439
2024-09-08_03-08-30,KL09AQ3439
2024-09-08_03-08-32,KL09AQ3439
2024-09-08_03-08-35,KL09AQ3439
2024-09-08_03-08-56,KL09AQ3439
2024-09-08_03-08-59,KL09AQ3439
2024-09-08_03-08-59,KL09AQ3439,https://drive.google.com/file/d/1h4xSCkRFIdMzqMo7x_-jYgpxxKqI0yW8/view?usp=sharing
